{"cameraMode":{"drawMode":0,"name":"Shaded","section":"Shading Mode"},"sceneLighting":false,"audioPlay":false,"sceneViewState":{"m_AlwaysRefresh":false,"showFog":false,"showSkybox":false,"showFlares":false,"showImageEffects":false,"showParticleSystems":false,"showVisualEffectGraphs":true,"m_FxEnabled":true},"in2DMode":false,"pivot":{"x":-0.4189666509628296,"y":1.6137651205062867,"z":0.9396927356719971},"rotation":{"x":0.03894355893135071,"y":0.960861086845398,"z":-0.18379640579223634,"w":0.20359162986278535},"size":1.1750210523605347,"orthographic":false}