{"cameraMode":{"drawMode":0,"name":"Shaded","section":"Shading Mode"},"sceneLighting":false,"audioPlay":false,"sceneViewState":{"m_AlwaysRefresh":false,"showFog":false,"showSkybox":false,"showFlares":false,"showImageEffects":false,"showParticleSystems":false,"showVisualEffectGraphs":true,"m_FxEnabled":true},"in2DMode":false,"pivot":{"x":-0.15671229362487794,"y":1.0264904499053956,"z":-0.027491331100463868},"rotation":{"x":0.26527950167655947,"y":0.2403845489025116,"z":-0.06843136996030808,"w":0.9312617778778076},"size":1.9458887577056885,"orthographic":false}