{"cameraMode":{"drawMode":0,"name":"Shaded","section":"Shading Mode"},"sceneLighting":true,"audioPlay":false,"sceneViewState":{"m_AlwaysRefresh":false,"showFog":true,"showSkybox":true,"showFlares":true,"showImageEffects":true,"showParticleSystems":true,"showVisualEffectGraphs":true,"m_FxEnabled":true},"in2DMode":false,"pivot":{"x":-0.4558769464492798,"y":44.91493225097656,"z":-331.6820068359375},"rotation":{"x":-0.005099746864289045,"y":0.973003089427948,"z":-0.22977156937122346,"w":-0.02160774916410446},"size":40.852142333984378,"orthographic":false}